"","Alabama","Alaska","Arizona","Arkansas","California","Colorado","Connecticut","Delaware","District of Columbia","Florida","Georgia","Hawaii","Idaho","Illinois","Indiana","Iowa","Kansas","Kentucky","Louisiana","Maine","Maryland","Massachusetts","Michigan","Minnesota","Mississippi","Missouri","Montana","Nebraska","Nevada","New Hampshire","New Jersey","New Mexico","New York","North Carolina","North Dakota","Ohio","Oklahoma","Oregon","Pennsylvania","Rhode Island","South Carolina","South Dakota","Tennessee","Texas","Utah","Vermont","Virginia","Washington","West Virginia","Wisconsin","Wyoming"
"04/13/2020",203,5,163,130,1136,384,1346,133,80,1124,863,5,19,1173,431,123,46,55,421,65,711,1392,1391,0,161,246,7,23,154,56,2734,17,6716,316,23,371,99,57,1354,0,71,138,102,584,60,21,473,26,18,87,5
"04/14/2020",171,8,104,88,1425,259,608,168,103,609,1263,7,38,1223,168,189,51,30,502,37,536,1297,1366,74,145,231,5,83,144,-63,4240,83,7271,227,10,310,115,49,1173,586,162,120,217,752,54,4,435,164,29,127,7
"04/15/2020",266,8,155,71,1330,6,766,88,139,883,409,13,9,1345,433,96,63,162,433,35,560,1754,1058,114,273,45,5,4,77,217,2206,139,11434,227,24,509,79,30,1288,0,103,180,0,914,131,7,318,143,62,166,5
"04/16/2020",158,7,273,51,991,330,1129,56,153,832,682,6,114,1141,582,146,111,225,581,26,752,2263,750,0,264,383,11,51,3,0,4287,0,9237,299,28,620,94,73,1505,278,275,143,548,959,135,15,389,115,26,154,9
"04/17/2020",92,9,274,75,1480,405,925,247,126,1416,1525,11,22,1844,612,191,115,87,586,31,788,2221,1214,261,169,197,7,114,310,148,3150,113,6906,406,0,693,108,49,1630,648,168,100,-112,970,110,5,602,460,47,178,9
"04/18/2020",231,5,213,49,1334,356,741,221,190,733,475,33,46,1582,487,181,91,185,462,20,754,1970,768,139,181,208,4,183,102,55,2953,201,11115,283,135,1115,0,59,1764,314,149,131,326,841,124,24,562,259,10,146,4
"04/19/2020",190,5,209,37,940,683,412,0,127,822,632,6,13,1197,570,389,84,253,348,20,521,1705,633,147,300,164,7,225,102,48,3881,47,6103,273,57,1380,102,66,1250,215,129,93,481,550,152,10,489,479,105,147,4
"04/20/2020",185,2,135,192,2255,0,1853,207,134,745,1106,4,4,1156,477,257,143,90,595,8,837,0,576,114,238,147,0,174,102,57,3421,126,5245,294,42,1317,113,47,1012,384,69,50,168,495,144,3,448,-141,12,153,4
"04/21/2020",241,8,188,17,1779,743,545,186,171,810,474,2,64,1546,409,482,116,154,331,13,509,3122,667,97,204,176,4,37,107,43,3665,0,5301,239,17,806,127,47,1335,410,-7,70,156,932,84,2,640,278,6,126,126
"04/22/2020",288,6,217,286,1879,418,2109,269,108,440,1333,6,30,2048,341,107,167,174,404,19,582,1745,1299,155,178,211,2,128,144,98,3527,239,4931,361,35,392,87,55,833,341,322,103,0,662,148,5,636,204,31,220,4
"04/23/2020",207,2,299,323,2217,387,631,108,155,1339,669,4,70,1830,601,176,390,101,481,30,962,3079,1330,220,259,229,3,389,127,82,4111,169,168,325,30,577,123,68,2297,415,156,98,872,1300,167,2,732,157,42,207,6
"04/24/2020",193,2,273,211,1794,978,836,134,167,885,608,5,34,2721,642,521,238,300,401,28,879,4946,1345,243,281,282,2,222,190,50,2171,142,8130,470,39,475,104,50,1829,443,153,84,462,992,170,2,596,224,29,304,20
"04/25/2020",182,0,241,101,1013,712,647,134,171,306,731,4,17,2119,718,647,176,136,372,0,1150,2379,433,261,284,147,1,295,141,77,3302,139,10553,478,55,418,73,76,945,430,183,107,461,534,166,16,772,342,0,331,18
"04/26/2020",201,1,248,90,1190,473,686,458,142,693,264,1,10,2126,613,384,142,170,261,50,815,1590,704,156,193,185,3,309,195,67,3540,66,5902,229,64,385,60,58,1463,310,245,65,478,803,175,8,604,202,45,225,11
"04/27/2020",146,5,191,68,1408,438,728,128,51,606,816,1,0,1980,949,392,196,71,295,8,906,1524,432,209,183,185,1,330,-34,74,2150,99,3951,324,75,353,27,43,942,269,115,32,251,445,113,4,568,165,8,169,18
"04/28/2020",199,6,230,58,1198,437,315,413,102,710,620,2,55,2219,627,508,179,219,218,17,626,1840,1052,370,248,145,2,159,121,72,2668,149,3110,434,49,444,129,31,1579,219,122,69,134,952,109,7,801,156,32,208,16
"04/29/2020",159,4,254,66,2583,442,455,80,112,345,853,4,0,2256,594,467,187,162,374,16,736,1963,1137,463,227,210,0,334,113,48,2509,239,4585,425,42,534,63,61,1190,320,147,60,314,1008,152,0,623,228,15,231,9
"04/30/2020",208,0,446,88,1383,526,933,79,217,497,489,5,32,2560,653,302,574,171,341,39,893,1940,980,492,246,158,2,430,119,88,2287,198,4681,574,34,724,145,64,1644,374,213,76,369,1364,175,4,885,257,15,334,14
"05/01/2020",253,9,314,56,1896,509,1064,184,335,1038,1225,1,31,3137,795,739,221,174,710,28,1730,2106,977,594,397,249,0,727,195,164,2538,102,3942,316,40,716,130,69,1608,341,163,76,1156,965,156,13,1055,310,27,460,7
"05/02/2020",260,1,395,35,1321,432,523,120,139,735,842,1,46,2450,665,759,251,-3,429,30,1001,1952,851,502,229,289,2,309,141,119,2527,219,4663,518,46,592,103,56,915,327,231,63,770,1217,157,7,836,366,33,346,13
"05/03/2020",277,3,276,65,1556,410,0,170,219,615,334,0,0,2994,638,532,271,251,200,32,989,1824,594,431,109,262,0,344,83,89,3027,118,3438,182,38,579,121,45,731,188,137,43,516,1072,190,11,934,182,10,304,7
"05/04/2020",226,2,284,54,981,283,686,80,154,819,786,1,45,2278,574,528,227,115,333,20,946,1000,189,571,327,328,2,376,158,70,1525,181,2538,201,34,560,72,79,1591,175,131,37,394,785,142,5,821,277,29,272,10
"05/05/2020",317,1,381,34,2572,449,648,83,152,542,547,4,21,2112,526,408,265,577,323,21,709,1184,461,617,330,175,-1,336,30,48,2324,107,2239,539,41,495,83,80,1048,281,84,53,119,1161,132,5,764,132,22,330,8
"05/06/2020",249,1,402,86,2160,465,374,407,139,563,745,1,31,2343,837,293,345,112,403,28,1046,1754,728,728,217,202,0,316,81,105,1297,153,2786,543,57,607,75,77,936,272,95,59,248,1007,146,1,0,311,-4,335,27
"05/07/2020",346,2,238,92,1532,538,789,161,193,826,875,3,20,2639,633,655,339,195,253,76,1211,1696,566,786,262,258,0,645,114,102,2101,202,3491,487,48,555,128,73,1156,325,206,126,158,1118,129,8,1313,326,45,314,4
"05/08/2020",322,3,581,44,1631,457,627,172,245,371,563,0,0,2889,643,398,335,159,203,44,1111,1612,641,723,404,152,2,484,65,104,1849,180,2938,466,54,885,94,79,1415,249,225,239,345,1203,195,3,772,157,36,375,9
"05/09/2020",283,1,434,0,2779,548,573,166,203,802,407,2,27,2325,586,214,162,152,562,34,1049,1410,429,702,288,178,0,275,251,64,1557,105,2715,472,39,681,66,92,1189,210,164,248,327,1139,184,2,854,286,0,349,9
"05/10/2020",262,1,159,265,1042,328,570,0,170,595,992,1,25,1656,394,288,122,0,183,28,1053,1050,367,481,123,157,0,78,-51,60,1357,85,2273,460,27,384,99,68,1379,285,122,124,217,857,148,6,885,217,37,280,9
"05/11/2020",280,0,264,31,1729,176,211,288,117,386,422,2,30,1266,501,414,208,237,215,26,786,669,370,528,173,89,1,236,32,89,1452,206,1660,336,27,696,24,58,520,176,139,97,559,1314,111,-1,989,231,6,199,7
"05/12/2020",304,4,353,121,1649,278,568,176,96,941,922,1,33,4014,500,539,81,176,235,15,688,870,469,695,234,112,2,125,161,79,711,143,1430,348,53,473,119,72,851,164,135,49,567,1113,70,1,730,208,12,193,6
"05/13/2020",256,0,480,72,1820,318,522,211,99,479,503,3,0,1673,346,377,278,0,612,38,751,1165,370,423,182,135,1,380,163,60,643,152,2176,730,76,471,126,58,791,221,103,69,259,1356,188,2,946,182,20,291,13
"05/14/2020",339,0,458,130,2073,363,609,271,152,808,550,-1,58,3243,580,386,187,372,827,50,1091,1685,1191,518,393,190,0,348,28,83,1144,139,2390,616,65,636,105,63,1004,181,159,60,329,1456,129,3,1067,261,29,373,13
"05/15/2020",333,5,495,97,1822,394,621,150,135,928,795,1,0,2432,603,374,181,219,348,38,1083,1239,497,805,318,172,4,350,229,71,1280,159,2762,526,49,597,124,62,1031,203,218,95,261,1241,164,1,859,178,20,410,15
"05/16/2020",334,0,497,115,2032,401,618,174,171,673,440,1,68,2088,624,279,53,244,280,45,982,1512,459,729,322,193,2,610,80,103,1105,185,2419,636,87,520,150,71,1049,215,254,72,303,1717,155,1,1011,337,23,502,25
"05/17/2020",309,0,279,181,1441,305,716,123,81,777,367,1,0,1734,498,323,14,0,315,39,836,1077,604,699,173,149,0,-43,136,40,1415,91,1889,543,52,449,73,11,515,240,155,28,96,952,170,6,705,145,22,356,13
"05/18/2020",301,0,263,54,1291,264,697,199,147,854,704,0,36,2294,477,304,350,247,277,26,958,1042,773,704,136,134,2,448,112,56,1736,158,1250,534,31,531,88,64,969,121,126,40,652,783,146,0,752,178,10,144,12
"05/19/2020",387,12,368,110,2295,280,314,168,164,502,572,1,0,1545,450,341,50,134,329,28,1784,873,435,657,272,151,1,229,35,69,1116,96,1474,32,63,498,91,39,642,156,114,58,401,1384,134,4,1005,200,0,198,10
"05/20/2020",361,1,330,80,2245,315,587,157,117,527,946,2,51,2388,569,324,154,98,278,78,777,1045,659,641,263,135,7,268,292,147,1420,125,1525,1023,101,484,43,75,815,405,119,92,0,1237,192,0,763,160,65,528,11
"05/21/2020",404,0,442,455,2034,394,191,192,237,1204,862,4,0,2270,662,550,118,119,1188,58,1208,1114,501,530,255,161,1,305,12,67,810,155,2088,250,134,731,148,16,1126,215,206,0,549,1266,164,6,1229,146,26,472,14
"05/22/2020",364,2,276,154,2221,296,432,143,105,776,819,-5,89,2756,473,322,284,140,421,71,893,805,403,805,403,147,0,235,125,79,993,153,1696,1598,88,627,169,47,959,165,257,179,433,486,183,2,813,148,112,511,2
"05/23/2020",374,4,429,163,2287,477,382,0,73,676,760,1,0,2352,492,406,37,145,0,65,1071,773,452,840,380,130,0,301,1,75,561,0,1772,754,48,614,111,24,798,216,257,108,391,1277,203,2,799,0,0,481,10
"05/24/2020",348,0,324,147,1481,210,446,280,144,740,660,0,31,2508,475,353,58,0,244,42,818,1013,314,728,255,183,0,171,355,60,1014,318,1589,501,53,503,77,39,554,113,201,99,326,1019,132,2,495,563,54,400,25
"05/25/2020",633,1,198,107,2380,95,405,156,115,879,498,0,0,1713,339,306,121,0,640,19,839,596,202,742,198,327,0,228,75,48,938,83,1249,692,39,566,53,22,362,0,82,23,424,499,129,6,1483,237,15,307,5
"05/26/2020",590,2,289,151,2987,296,430,101,109,509,583,0,0,1178,363,146,74,380,245,35,535,422,223,645,273,103,0,257,101,34,672,104,1072,398,-35,529,48,18,853,145,238,67,360,883,99,5,1615,116,0,279,7
"05/27/2020",364,1,454,97,1663,202,-15,30,72,379,655,1,73,1111,359,666,92,126,443,28,736,527,504,504,313,237,2,365,93,55,864,122,1129,461,17,433,91,71,779,143,207,57,390,1328,86,4,907,225,125,599,10
"05/28/2020",486,13,559,261,2763,354,271,75,86,651,628,3,71,1527,631,217,80,108,305,52,1286,675,406,483,328,165,4,265,98,103,557,112,1768,884,42,476,44,48,663,141,165,83,394,1853,215,3,1152,358,36,512,16
"05/29/2020",513,5,595,239,2809,491,203,65,46,1212,615,2,0,1622,490,371,291,279,0,37,1279,617,607,584,421,103,8,399,128,103,1659,129,1551,1085,39,651,65,45,764,141,343,73,384,545,343,1,1132,307,16,733,15
"05/30/2020",427,4,786,236,3273,486,260,186,179,927,450,2,33,1462,653,287,28,240,775,56,1027,789,348,659,436,214,12,257,141,0,764,131,1376,909,34,467,80,54,713,184,263,94,503,1930,269,2,1078,278,38,523,7
"05/31/2020",511,26,678,240,2056,280,179,76,84,739,732,1,36,1343,363,308,10,0,339,43,763,664,428,660,294,140,10,196,111,159,837,65,1110,991,23,480,0,58,432,109,467,33,0,1762,264,4,996,353,21,173,5
"06/01/2020",325,7,193,190,2782,199,539,107,56,667,839,0,0,974,256,147,220,342,425,24,549,3840,135,358,229,286,4,244,74,34,473,111,941,807,48,471,155,59,517,63,287,41,0,949,202,2,791,275,18,140,7
"06/02/2020",209,20,1135,375,2482,211,239,80,29,617,305,1,94,1614,407,320,45,139,405,28,848,358,199,300,289,291,4,271,156,64,627,224,1329,431,21,366,119,33,579,121,267,33,1776,1720,203,5,841,180,28,374,2
"06/03/2020",220,18,1092,249,2133,272,112,27,130,1317,687,0,0,982,475,281,127,225,387,41,807,429,304,362,281,174,2,269,93,46,523,116,1045,1253,33,442,113,64,555,107,0,95,491,1540,295,2,666,327,21,483,3
"06/04/2020",308,8,530,358,2820,300,148,34,104,1419,965,2,57,929,384,506,75,295,429,28,876,471,206,403,238,249,14,254,178,81,462,213,1048,799,27,490,102,75,555,106,0,85,357,1696,316,36,951,245,25,492,6
"06/05/2020",648,11,1553,226,3570,255,221,27,79,1305,762,9,121,1156,482,348,139,272,427,36,912,494,5536,707,209,134,2,267,180,77,806,319,1075,1220,39,476,100,96,480,116,1038,30,474,1944,439,1,676,264,17,357,12
"06/06/2020",445,12,1012,450,2855,233,358,72,70,1270,738,9,28,975,419,324,55,310,497,42,712,575,452,521,270,379,-1,166,182,66,557,128,1108,1423,71,353,52,0,690,0,0,90,513,1965,546,19,865,449,17,322,6
"06/07/2020",422,8,1538,325,2022,153,150,97,63,1180,539,2,0,867,400,234,45,0,330,46,491,304,419,385,231,72,5,92,178,24,271,140,781,907,45,365,91,92,403,0,833,71,316,914,268,17,1284,287,8,264,8
"06/08/2020",491,19,689,314,3201,182,124,30,57,966,599,1,50,658,226,295,138,189,234,18,431,190,296,338,498,135,3,122,147,36,333,122,702,892,19,361,55,260,431,201,514,33,512,1005,256,12,570,312,17,203,13
"06/09/2020",566,10,618,340,2825,164,87,48,85,1096,752,6,32,797,410,230,65,231,562,18,500,263,54,299,355,194,6,132,229,0,299,43,683,710,21,325,158,66,531,49,428,52,570,1791,237,9,487,313,8,270,10
"06/10/2020",825,20,1556,288,3074,152,168,36,63,1371,731,3,39,625,304,389,141,176,418,31,561,267,184,346,360,160,7,140,173,99,550,145,674,1246,40,413,120,72,446,65,531,81,355,2564,305,11,439,0,25,285,10
"06/11/2020",711,17,1415,448,3662,148,114,50,52,1698,993,7,0,766,411,347,73,62,442,30,732,511,267,447,0,187,2,257,255,31,470,117,736,1111,39,429,143,177,532,106,682,61,410,1883,388,15,470,425,23,333,29
"06/12/2020",1035,15,1772,731,3282,175,228,67,65,1902,810,14,93,595,398,377,150,221,523,54,416,392,223,479,608,298,10,207,231,42,348,159,822,1833,36,420,223,140,633,85,729,77,778,2274,325,9,564,392,32,320,18
"06/13/2020",959,29,1621,548,3359,195,305,56,55,2581,1021,17,0,673,397,367,47,279,1288,36,692,336,164,377,257,235,15,118,293,48,441,95,916,1428,42,427,224,0,463,0,785,91,431,2060,404,6,658,367,25,272,23
"06/14/2020",818,7,1046,406,2282,113,94,35,58,2016,877,5,46,672,366,209,81,0,336,36,396,208,218,299,168,30,13,90,204,19,276,102,694,1419,22,297,158,0,259,0,840,65,794,1556,332,2,637,296,16,240,10
"06/15/2020",303,3,1138,416,3426,169,147,76,32,1758,733,8,0,473,521,156,218,202,553,17,331,87,31,222,283,349,8,121,114,27,222,122,620,850,21,428,186,443,386,146,583,30,661,1646,295,1,380,324,32,174,19
"06/16/2020",549,12,2341,274,3235,143,114,63,19,2783,664,0,63,623,356,97,92,0,534,9,377,195,184,189,353,246,5,187,368,19,323,88,631,793,23,434,228,278,389,71,612,38,747,3404,329,3,445,373,19,266,10
"06/17/2020",907,20,1752,415,3837,229,80,41,29,2610,952,8,170,546,227,281,233,348,928,17,560,266,228,414,489,212,16,193,171,72,277,132,567,1027,42,412,259,120,311,49,566,84,363,4258,407,-1,444,253,35,258,25
"06/18/2020",735,12,2508,322,4288,230,11,55,56,3207,882,18,111,593,425,401,109,202,0,42,260,271,301,379,0,302,25,183,315,14,404,88,618,1233,27,700,451,148,394,56,977,59,656,3492,495,5,463,408,42,420,30
"06/19/2020",549,13,3465,703,3776,286,117,112,49,3822,1097,27,128,692,308,413,268,257,-119,35,319,228,299,356,0,296,11,174,355,36,389,107,796,1618,33,609,352,206,516,68,1075,49,1247,4119,586,9,555,409,50,278,29
"06/20/2020",458,21,3217,511,4351,161,158,70,32,4049,1800,0,133,634,315,222,76,176,870,25,408,286,448,436,0,389,32,119,452,32,338,170,716,1605,25,530,331,0,391,0,1148,67,429,4173,643,3,650,624,32,385,6
"06/21/2020",439,11,2464,419,3333,191,40,94,36,3494,892,25,2,658,362,467,39,120,393,19,350,125,166,453,0,403,19,105,264,26,308,135,664,1411,37,547,478,0,345,0,905,72,656,3315,394,12,551,455,33,280,18
"06/22/2020",649,6,2008,522,6219,166,27,45,38,2926,1227,2,250,462,210,183,292,89,461,14,297,149,246,307,1688,133,17,151,288,14,273,129,552,1163,25,729,218,511,641,122,1005,29,451,4850,444,4,471,190,19,249,33
"06/23/2020",1118,2,3779,595,6712,188,117,27,36,3286,1882,3,-2,601,238,323,109,302,1356,25,404,229,240,242,569,413,9,136,0,13,319,144,597,675,7,590,297,191,632,74,906,27,750,5189,394,1,529,516,41,263,24
"06/24/2020",989,29,1812,697,4448,262,14,42,34,5511,1571,16,148,715,269,132,393,222,882,21,330,172,358,294,526,118,23,122,0,27,158,152,581,1888,42,632,479,170,477,73,1325,66,932,5253,484,20,520,483,38,432,28
"06/25/2020",1002,24,3091,687,5187,324,81,91,31,5004,1714,16,463,894,515,772,177,254,938,53,440,226,434,360,1092,514,37,125,1331,40,304,202,749,945,31,892,438,124,456,34,1125,60,799,6421,590,7,432,498,63,464,44
"06/26/2020",1023,20,3378,678,5732,317,65,37,26,8942,1900,15,0,857,485,344,355,242,1354,32,338,233,340,493,550,579,26,178,381,33,388,216,805,1686,28,987,399,250,719,21,1313,56,1410,5640,676,7,624,488,36,520,42
"06/27/2020",180,18,3465,570,3740,226,147,74,31,9585,1990,6,457,786,435,356,155,308,0,52,335,373,350,417,465,356,23,251,1099,46,289,211,703,1654,37,817,299,276,586,0,1604,91,728,5567,578,2,677,549,52,539,24
"06/28/2020",1420,29,3796,508,4712,285,97,135,32,8530,2225,27,0,646,355,447,230,65,1467,37,327,224,267,516,361,117,11,124,821,30,309,190,616,1436,37,854,301,247,417,0,1381,55,0,4921,472,2,489,348,50,457,25
"06/29/2020",1086,21,625,439,8350,204,59,150,44,5266,2207,1,430,738,298,325,362,115,845,28,477,101,277,312,675,136,56,143,734,13,90,173,864,1488,44,737,228,144,604,103,1324,35,2125,6047,564,6,453,501,38,315,33
"06/30/2020",888,36,4683,520,7586,204,152,98,35,6093,1874,17,365,724,366,229,161,277,1014,34,305,114,505,442,680,176,48,135,562,22,395,165,51,1591,37,743,582,171,672,49,1755,48,1212,6302,553,0,598,571,35,601,37
"07/01/2020",1170,38,4877,420,7449,314,58,36,38,6563,2951,9,253,828,358,440,460,218,2083,41,359,0,361,413,653,34,49,133,645,20,261,129,625,1424,39,1076,362,275,636,40,1520,62,1806,9255,499,2,416,611,74,540,27
"07/02/2020",1693,39,3340,878,7869,323,74,221,25,10109,3467,20,223,0,435,745,172,237,1383,34,505,456,589,494,870,1601,67,142,632,20,428,244,875,1465,42,0,412,363,837,88,1782,67,1575,6725,554,17,532,716,74,539,36
"07/03/2020",915,46,4427,547,3964,260,71,192,45,9488,2784,29,401,1737,528,204,657,297,1728,45,538,290,497,414,914,524,45,208,985,35,386,256,918,2046,65,2392,538,342,780,50,1831,85,1822,6623,596,9,658,627,73,579,32
"07/04/2020",961,47,2695,587,2381,254,0,73,12,11458,2826,24,376,862,517,598,252,0,0,24,380,210,406,0,990,423,39,167,857,15,291,287,726,1408,57,926,579,294,530,0,1854,50,1428,6477,676,2,716,469,79,738,24
"07/05/2020",806,27,3536,605,11786,199,0,132,35,10059,2197,24,363,639,769,456,170,0,1937,18,291,136,360,512,226,233,45,102,843,25,369,193,533,1322,37,967,283,300,481,0,1461,35,1176,2761,410,11,639,651,57,522,28
"07/06/2020",910,28,3352,439,6354,192,259,165,33,6336,1548,7,319,614,323,241,557,776,1101,8,272,163,326,433,357,395,37,117,491,17,209,251,518,1783,33,806,431,165,697,0,1533,42,723,10681,517,2,354,1087,180,484,41
"07/07/2020",1416,18,3639,259,12977,407,57,121,54,7347,3406,41,487,1709,102,395,222,367,1936,17,492,201,633,564,957,707,78,155,876,18,267,220,588,1515,49,948,858,210,798,163,972,58,1475,10521,564,3,638,435,63,495,34
"07/08/2020",1801,42,3520,734,8548,452,75,48,73,9989,3420,23,430,980,437,471,472,400,1888,20,465,264,651,456,674,672,44,224,516,20,161,290,692,1397,73,1277,674,212,827,50,1557,79,2472,8844,722,2,635,521,202,598,31
"07/09/2020",1546,46,4057,806,9924,409,101,69,37,8935,2837,36,460,1018,512,630,453,326,1843,26,586,295,512,574,703,820,95,198,603,21,231,234,584,1969,100,1150,603,371,817,39,1782,94,1605,11620,601,16,613,640,119,754,29
"07/10/2020",1634,55,4221,751,8401,666,78,121,64,11433,4490,28,500,1327,725,918,518,427,2642,13,463,213,622,604,1031,659,127,154,1004,18,358,298,786,2376,84,1525,595,266,940,69,1728,65,1955,9379,867,5,943,637,157,845,21
"07/11/2020",1473,62,3038,1061,7876,400,0,91,58,10360,3184,42,577,1195,779,486,384,449,2167,21,557,288,685,804,797,537,84,221,930,33,331,224,730,1874,88,1358,687,397,734,0,2280,53,1460,8476,632,6,851,0,163,926,49
"07/12/2020",1979,94,2537,503,5782,322,0,61,46,15300,2534,20,397,954,533,752,294,268,1319,19,642,199,406,710,868,274,81,174,845,30,339,255,677,1865,91,1378,456,319,578,0,1949,45,954,8332,629,13,888,1438,98,769,23
"07/13/2020",1387,60,1357,572,8814,323,223,75,59,12624,3637,23,501,883,425,221,664,264,1705,19,418,230,422,491,393,409,85,227,832,14,224,263,557,1898,108,1261,511,268,536,175,1520,25,3314,7029,546,5,972,1101,69,494,41
"07/14/2020",2116,40,4273,873,12854,450,20,90,40,9194,3391,21,316,707,648,235,242,570,2215,8,733,303,666,398,862,951,109,318,1104,23,393,223,912,2331,51,1142,994,367,936,101,2221,48,1514,9863,448,4,801,547,94,964,47
"07/15/2020",1910,52,3257,485,8674,469,106,81,80,10181,3875,28,729,1187,685,670,462,454,2089,12,756,217,1049,572,1025,817,144,262,849,22,363,327,831,1837,72,1316,1074,276,1003,52,1856,80,2273,11341,413,13,1084,742,150,821,35
"07/16/2020",1934,62,3259,817,9821,571,114,64,50,13965,3449,19,685,1257,710,814,468,406,2280,20,648,234,926,605,1230,816,135,155,1447,26,223,297,769,1871,103,1290,626,428,806,71,1838,42,2479,14892,954,7,904,1267,100,900,41
"07/17/2020",2024,41,3910,648,8553,618,143,223,39,11466,3905,23,619,1427,733,553,571,522,2179,38,707,298,754,666,1032,865,135,227,1380,26,50,318,776,1862,124,1679,700,293,1004,82,1977,95,2279,11937,727,9,1002,754,126,880,43
"07/18/2020",2029,62,2742,771,7486,444,0,92,79,10328,4688,20,550,1276,841,410,305,579,0,9,835,359,745,457,1017,966,105,120,1182,23,263,280,754,2522,115,1541,917,347,701,0,1552,73,2517,9302,760,4,940,959,111,978,39
"07/19/2020",1552,79,2359,695,6161,354,0,90,67,12478,3249,27,571,965,917,500,303,977,3116,42,925,296,530,734,792,817,62,102,1288,15,-31,235,502,1711,112,1111,209,430,604,0,2374,44,1779,8080,785,12,1057,920,96,830,18
"07/20/2020",1503,75,1559,699,10964,424,162,105,78,10347,2453,12,394,1172,635,530,660,253,3186,24,554,255,527,903,1251,581,87,264,948,46,180,244,519,1428,107,1236,170,268,1021,111,1459,37,1639,8552,409,10,945,797,94,703,61
"07/21/2020",1364,92,3500,728,11435,493,41,122,88,9440,3406,25,555,942,710,378,273,646,1691,12,860,244,664,350,1635,1092,91,343,815,13,293,302,855,1985,81,1047,890,292,1055,82,1892,76,2190,7412,486,6,996,832,88,1117,51
"07/22/2020",1994,89,1926,591,11981,639,127,46,102,9785,3314,17,499,1611,757,487,552,480,2771,-1,627,287,671,504,1547,1303,101,296,1129,33,389,311,705,2060,160,1527,972,254,727,76,1705,58,2473,12628,566,0,1022,672,40,712,50
"07/23/2020",2091,62,2335,1013,9487,615,9,132,42,10249,4305,55,415,1621,929,588,475,607,2296,15,664,327,701,760,982,1563,97,332,1262,23,242,335,811,1849,126,1444,671,320,850,86,1564,66,2570,9347,521,11,844,762,240,1052,59
"07/24/2020",2110,56,3357,990,9412,667,544,278,78,12444,4813,59,528,1600,996,638,598,785,2084,20,930,338,641,767,1532,1575,129,356,966,57,458,312,753,2603,121,1560,1147,391,1255,76,2001,57,2091,7370,863,8,1127,815,201,1018,58
"07/25/2020",1393,90,3740,732,6267,809,0,-27,68,12199,3768,71,0,1426,922,452,455,832,0,33,1288,283,550,803,1396,1399,221,221,931,40,513,313,750,1693,122,1438,965,0,823,0,1401,105,1718,9872,661,11,1245,1025,122,953,41
"07/26/2020",1760,186,1973,642,5836,547,0,115,63,9344,2765,63,913,1541,852,471,281,318,3840,24,694,369,1039,862,1173,1126,82,223,1027,21,505,254,536,1516,140,889,1204,654,630,0,1191,90,3140,3626,350,4,958,786,114,957,29
"07/27/2020",1308,98,1813,824,5833,229,207,116,78,8892,2890,28,514,1231,535,339,514,504,2343,18,1128,289,512,650,627,1329,39,281,988,5,449,460,608,1979,110,1104,1400,330,1250,291,1218,49,2553,6227,436,2,1505,686,110,590,45
"07/28/2020",1442,107,2107,734,12641,749,94,70,87,9230,4209,46,528,1074,771,232,254,525,1121,6,648,256,785,478,1304,1692,94,258,1105,59,483,289,534,1784,155,1320,1090,320,1088,210,1692,48,2555,8170,446,3,922,884,121,762,69
"07/29/2020",1954,68,2339,787,14151,482,463,126,54,9446,3271,108,454,1395,621,695,533,616,1735,28,761,502,1016,666,1719,1761,202,265,870,13,305,345,715,1687,86,1396,848,313,856,75,1737,149,1778,10575,339,1,999,780,157,870,39
"07/30/2020",2012,81,2525,791,8021,408,130,87,58,9956,3963,124,568,1772,954,662,294,659,1708,22,892,414,807,745,1775,2197,138,344,1018,31,370,252,777,2145,74,1733,1117,410,868,150,1726,44,2049,9272,502,1,911,818,98,1059,58
"07/31/2020",1602,111,3212,752,7622,605,140,99,0,9007,4066,122,474,1980,901,468,479,765,1799,24,1169,514,793,771,1168,1477,151,445,1264,39,690,212,644,1766,168,1533,747,361,980,72,1444,79,3088,11313,500,7,984,0,204,832,40
"08/01/2020",2033,146,2992,662,6057,458,0,89,0,9642,3660,86,394,1639,968,540,228,572,0,25,1019,428,758,725,1134,1016,116,180,986,31,369,196,753,1708,133,928,1244,325,681,0,1583,103,2225,6512,506,7,913,1738,159,1062,43
"08/02/2020",1159,144,1465,637,5562,460,0,72,0,7104,3165,45,0,1470,735,430,279,462,3467,21,909,418,426,759,672,552,112,311,1131,20,321,220,531,1324,58,944,494,280,565,0,1189,88,1443,3529,473,5,981,632,120,922,39
"08/03/2020",1044,61,1030,787,4676,241,252,106,256,4752,2258,206,560,1298,576,182,561,323,1099,12,870,199,616,613,572,1030,40,254,994,26,264,114,545,2300,125,932,377,269,861,224,1163,65,1009,8474,354,1,1324,542,120,404,40
"08/04/2020",955,53,1008,784,9834,426,48,82,85,5446,2513,143,566,1471,822,326,350,689,3615,7,710,546,801,602,1074,1208,81,222,980,33,356,210,746,1085,148,1143,861,333,830,144,1239,59,1805,9534,378,4,1145,664,81,728,36
"08/05/2020",1866,54,1698,912,3921,594,115,159,45,5409,3765,172,472,1759,720,605,474,544,1482,17,572,440,718,617,1245,1192,115,311,649,26,357,226,636,1018,124,1199,1101,279,722,91,1282,89,1657,10885,421,5,798,705,103,884,39
"08/06/2020",1721,35,1453,735,10733,448,20,69,75,7650,3182,151,693,1953,1040,723,361,513,1303,5,579,231,763,861,956,1159,173,332,729,23,374,207,703,2069,120,1166,837,246,801,130,1325,105,2252,7111,587,9,818,833,116,839,30
"08/07/2020",1851,53,1397,1011,5475,457,75,80,71,7686,4109,201,524,2103,1239,481,520,542,1500,17,801,417,814,545,1036,1064,155,283,976,37,360,192,714,1535,150,1204,854,411,781,127,1422,98,2432,7563,460,3,2015,670,174,989,47
"08/08/2020",959,77,1054,772,7574,431,0,57,64,8502,4423,231,572,2190,1033,495,326,782,0,12,775,420,721,916,1210,184,132,141,886,39,368,150,703,1611,181,1294,825,375,637,0,1241,106,1803,6384,376,6,1307,936,111,1165,15
"08/09/2020",1612,98,816,572,5358,336,0,73,100,6229,3169,152,178,1382,1041,384,199,404,2653,16,922,329,535,797,527,1362,63,187,811,17,344,200,515,1398,88,879,486,262,647,0,975,128,2127,5826,376,5,897,549,132,621,35
"08/10/2020",925,63,600,645,14485,378,247,59,54,4155,2429,140,429,1319,664,246,521,272,562,7,755,275,580,618,476,976,65,264,742,5,258,129,476,1216,117,883,397,216,909,196,724,58,1202,6296,263,3,663,575,62,507,-8
"08/11/2020",1094,45,1214,383,4715,403,117,65,89,5831,3563,118,494,1549,870,356,285,539,1164,1,585,392,907,323,644,1081,87,334,548,21,444,199,667,1181,172,1095,765,286,795,119,971,50,1001,8163,362,10,996,504,122,724,31
"08/12/2020",734,60,706,685,12430,315,22,66,63,8109,3565,202,536,1645,660,452,629,1152,1179,18,541,293,476,464,1081,1516,164,214,528,26,463,173,700,996,85,1422,670,248,902,76,844,102,1478,6370,338,6,776,551,139,478,13
"08/13/2020",757,84,1351,670,6608,463,76,202,65,6236,2515,354,495,1834,1043,400,387,741,1135,19,776,423,1167,690,612,1473,139,416,602,34,656,171,737,1085,201,1178,705,278,987,111,935,82,2118,6904,334,6,1101,637,145,943,33
"08/14/2020",1120,110,927,626,15117,319,115,373,94,6148,3227,231,542,2296,1067,874,546,612,1298,27,715,305,868,730,944,1364,134,328,1099,43,570,173,727,1346,151,1131,794,313,827,95,932,127,1947,8847,552,17,1216,800,114,1021,64
"08/15/2020",830,83,933,-400,4893,300,0,56,41,6352,3273,282,304,1828,1044,818,855,632,0,28,818,471,1058,690,825,1211,118,253,859,16,278,142,734,1534,122,1117,901,405,799,0,1041,94,1289,6897,345,8,912,746,185,829,44
"08/16/2020",741,103,883,673,5879,338,0,55,61,3779,1862,217,181,1561,739,382,0,0,1181,24,519,394,477,739,381,1192,91,131,697,8,13,106,607,1248,143,613,544,244,539,0,615,156,1961,8850,331,6,937,576,105,685,59
"08/17/2020",1425,50,468,412,5542,194,370,85,53,2678,1831,173,281,1773,591,382,729,761,567,29,503,248,490,564,276,1029,42,191,662,16,312,92,408,564,60,775,369,189,577,237,456,86,1036,5722,242,12,734,260,74,455,45
"08/18/2020",1323,62,915,410,8725,261,-12,57,52,3838,2816,134,384,1739,841,372,260,608,640,16,520,222,653,376,795,830,54,262,672,13,331,79,655,1263,135,848,601,225,600,120,719,81,1026,7715,263,3,861,542,97,0,29
"08/19/2020",1281,67,637,729,9134,270,59,50,29,4115,2305,260,359,2296,489,322,545,627,778,22,414,352,689,526,1348,1230,110,215,389,19,329,170,631,1146,186,971,611,194,658,103,739,125,2030,5828,364,3,737,426,69,1297,71
"08/20/2020",1041,82,723,549,4993,329,118,75,55,4555,2759,235,430,1832,941,1010,488,700,918,18,580,313,527,690,894,1068,116,308,556,14,100,202,601,1979,274,1122,746,295,787,76,909,125,1375,5277,461,4,860,700,180,740,26
"08/21/2020",1475,68,619,887,6633,0,87,52,60,4684,2889,228,254,2293,1040,798,988,639,899,33,670,488,0,825,874,1270,144,278,849,21,290,144,709,2006,232,1043,1077,256,725,151,1058,193,1669,5743,463,4,978,390,90,826,67
"08/22/2020",597,89,996,547,5535,653,0,58,65,4311,2592,284,295,2356,1000,665,493,801,0,32,624,144,1426,734,945,1329,160,154,636,23,529,207,653,1730,262,1119,853,289,743,0,917,251,1239,3721,369,12,1215,816,108,950,19
"08/23/2020",676,64,208,375,4845,260,0,67,0,2974,1727,244,186,1893,615,450,270,0,1223,18,579,0,764,717,626,831,53,109,532,13,148,94,572,1473,140,637,566,227,519,0,693,141,1854,4828,301,4,888,417,88,453,35
"08/24/2020",560,69,311,320,6281,198,492,47,105,2258,2304,169,212,1612,1660,463,888,832,623,21,567,662,878,714,511,814,60,158,409,33,225,146,408,1283,124,849,357,218,525,280,563,149,667,4272,249,9,663,359,42,392,25
"08/25/2020",2145,33,859,480,5471,459,29,20,45,2673,2101,215,408,1681,829,697,315,670,550,12,377,398,951,409,801,793,135,301,403,16,302,64,629,1345,229,844,650,236,556,70,937,80,813,6044,403,6,1003,334,84,638,29
"08/26/2020",1714,52,186,649,5972,193,180,24,0,3220,2236,276,306,2156,938,1201,1019,662,844,20,440,336,843,529,904,1353,161,379,253,0,285,126,566,1244,238,1089,666,180,519,82,605,66,1936,6350,407,5,822,456,145,768,48
"08/27/2020",1137,79,680,722,4817,350,130,-10,110,3269,2484,306,342,1707,1145,2681,480,748,677,25,577,368,863,1154,585,1471,144,374,554,38,307,188,791,2091,333,1244,712,190,633,135,505,623,1826,3952,383,9,1121,542,89,878,53
"08/28/2020",1838,118,519,838,5564,430,145,107,57,3815,2298,264,263,2436,809,1340,690,779,606,22,601,460,793,850,599,1458,134,335,632,22,358,122,636,1415,310,1296,710,293,869,94,1353,323,1636,5195,391,3,1023,598,193,843,70
"08/29/2020",1276,90,629,795,4653,267,0,266,74,3197,2386,309,292,1880,1121,784,545,820,0,56,630,446,0,1017,735,1496,188,317,609,30,349,136,635,2585,374,1196,1093,239,795,0,1298,425,1465,7453,458,16,1217,578,144,819,-8
"08/30/2020",789,44,374,478,3913,183,0,-6,34,2583,1215,200,190,1992,879,987,166,454,1624,22,497,199,1390,932,647,1306,89,293,447,8,291,105,698,1051,218,940,766,261,558,0,1075,380,835,2856,448,11,938,441,139,537,34
"08/31/2020",1556,37,174,368,6524,201,384,86,33,1885,1498,133,223,1666,883,540,838,365,326,15,458,304,499,675,274,1161,81,241,320,21,349,69,656,1182,114,895,614,159,661,266,668,187,1818,3224,253,8,847,315,140,266,21
"09/01/2020",734,34,507,273,3142,351,127,106,57,7569,2226,181,272,1492,695,708,363,789,689,20,614,355,795,491,634,1103,88,287,405,22,330,108,754,2115,184,1451,665,233,753,53,854,240,1396,5063,296,11,1021,304,264,981,24
"09/02/2020",1006,65,519,615,5664,244,102,14,28,2402,1916,338,311,2128,859,616,885,806,956,19,456,294,648,730,781,1478,182,421,239,12,305,152,708,1129,267,1161,720,129,984,76,657,254,1502,4158,419,2,903,438,145,545,37
"09/03/2020",985,102,1092,969,4737,268,101,104,58,3571,2675,211,263,1360,1104,1228,547,894,813,50,693,-7636,774,1038,751,1423,180,474,351,38,378,200,889,1648,362,1345,909,261,1038,65,1193,334,1715,3571,504,0,1119,479,197,727,30
"09/04/2020",1148,120,728,1094,4644,0,156,99,51,3198,2066,271,266,5594,1030,1053,971,792,822,15,819,212,1053,843,823,1589,148,192,489,21,449,90,864,2052,344,1332,1013,265,925,100,1629,259,1051,5915,513,5,1101,479,187,1498,49
"09/05/2020",541,93,836,515,4652,699,0,140,52,3656,2194,220,281,2804,1077,946,291,787,0,0,776,438,896,914,539,1943,145,144,390,56,325,146,801,1562,361,1341,1147,255,785,0,964,293,1765,4489,433,5,989,501,251,946,0
"09/06/2020",776,83,250,687,3542,285,0,151,41,2564,1651,162,190,1413,843,525,174,310,1395,50,512,366,0,707,410,1321,100,81,508,23,311,59,729,1086,297,773,420,188,544,0,663,220,1764,2500,388,1,1199,399,125,893,42
"09/07/2020",531,33,197,350,2109,213,0,206,36,1838,608,104,74,1369,590,322,507,290,309,18,764,229,1212,638,242,914,52,89,357,29,332,37,520,1018,170,778,613,146,716,0,655,191,983,867,373,3,645,310,157,567,0
"09/08/2020",784,35,81,294,3379,187,417,59,47,1823,1543,66,240,1392,386,482,675,255,256,13,356,171,499,383,249,775,65,494,137,18,277,37,557,716,71,656,833,166,616,349,301,103,645,3428,326,3,836,0,87,717,73
"09/09/2020",1056,63,496,385,2946,240,89,0,25,2167,1950,98,1375,1337,705,576,412,658,1522,-1,336,181,970,260,426,1323,87,448,154,0,327,87,576,901,238,973,876,115,873,84,305,168,852,5119,314,2,882,464,152,857,47
"09/10/2020",1077,121,461,398,3671,264,222,158,25,2472,1823,169,-736,1953,758,863,378,795,464,-80,503,403,974,381,517,1234,195,456,288,79,420,161,757,1218,333,1121,771,0,667,106,379,263,1631,2183,346,5,1236,458,0,1547,47
"09/11/2020",969,92,521,1107,3944,307,233,93,81,3650,1658,167,333,2313,1262,941,568,932,755,159,646,440,1405,467,853,1530,122,478,260,47,474,134,880,1532,241,1240,942,394,1007,123,2454,283,1622,5578,656,7,1115,544,363,1369,65
"09/12/2020",1059,103,605,1799,4028,414,0,167,0,3190,2124,129,217,2120,1056,806,288,711,0,42,809,554,807,872,445,2022,140,269,414,32,449,98,849,1452,467,1242,1017,291,932,0,932,320,1032,2756,572,9,1228,465,351,1353,33
"09/13/2020",695,61,384,509,2795,417,0,123,99,2423,1409,112,112,1460,1243,471,108,530,1281,29,577,286,0,723,254,1707,96,68,317,44,297,100,725,1198,426,837,695,181,0,0,1886,201,933,4308,628,7,946,350,177,1582,49
"09/14/2020",758,75,213,408,3406,374,569,88,30,1736,1023,79,253,1372,736,388,894,337,492,41,536,254,1229,638,144,1281,86,454,277,18,334,81,583,844,254,1079,869,0,1365,225,816,163,2450,3887,563,12,757,312,125,771,48
"09/15/2020",1041,41,484,870,3070,412,136,200,65,3116,1657,65,278,1464,689,657,329,718,371,14,599,313,689,402,505,1359,137,328,226,36,436,81,766,1107,233,1001,1091,325,1044,120,790,193,957,7041,562,6,943,327,156,1348,46
"09/16/2020",763,48,698,722,3117,587,135,97,56,2355,2062,102,283,1943,580,931,731,764,508,23,643,306,766,462,711,1216,187,449,208,31,388,118,652,1137,269,1033,970,188,806,108,652,297,1856,4081,747,0,845,347,216,1408,126
"09/17/2020",1031,105,1753,992,3716,459,220,84,47,3255,1847,159,396,2056,837,552,444,606,478,21,631,429,980,909,701,1704,216,502,347,0,569,158,896,1552,390,1067,1034,210,925,130,1324,395,1053,4565,911,3,1101,386,232,2034,86
"09/18/2020",1314,107,1282,871,4454,605,141,48,62,3204,1951,112,470,2223,1037,1635,961,758,979,40,543,454,778,1085,497,1833,224,466,501,80,487,151,790,1397,507,1011,1249,282,747,132,872,389,2357,3344,1117,1,1242,404,251,2533,95
"09/19/2020",810,85,609,1078,3822,606,0,83,50,3573,2167,109,288,2524,1076,965,361,978,0,32,682,599,587,914,655,1474,292,410,323,59,461,162,986,1274,377,951,1237,257,714,0,922,369,942,2879,1077,4,953,597,204,2283,34
"09/20/2020",747,93,470,563,2855,501,0,117,53,2521,1134,77,244,1402,746,606,2419,436,936,43,412,359,0,1296,277,1306,136,286,385,27,453,67,862,1300,351,762,1003,202,631,0,468,252,2075,5704,920,5,856,349,173,1665,91
"09/21/2020",877,70,230,641,3928,542,497,101,23,1685,1184,56,410,1477,522,597,317,375,243,29,412,256,1575,925,192,1367,130,305,232,5,392,104,573,808,286,856,1101,194,826,312,416,173,895,21791,622,4,627,182,119,1271,72
"09/22/2020",657,44,595,617,2969,654,136,94,43,2470,955,63,446,1533,599,611,1026,814,752,40,344,173,695,480,465,1075,271,397,262,38,426,107,754,1193,264,685,1164,318,784,112,2665,320,739,6902,650,2,872,463,213,1672,72
"09/23/2020",1038,68,438,982,3371,616,155,69,29,2590,1867,167,396,1850,711,1253,329,784,431,24,385,543,902,678,552,1593,212,493,509,17,408,197,665,952,473,903,1089,190,859,133,897,445,1650,1271,877,1,580,509,121,1762,153
"09/24/2020",2366,128,568,1086,3080,548,157,117,56,2541,1537,90,491,2256,899,1120,1136,643,577,44,503,481,1078,912,737,1356,330,453,390,37,228,237,955,1687,470,991,1083,362,845,134,1021,463,892,4473,1198,2,902,536,204,2392,136
"09/25/2020",976,122,515,897,4144,709,115,138,57,2847,816,112,523,2773,1171,1040,388,908,706,20,559,488,1040,1177,722,1895,322,431,556,41,884,263,908,6143,434,1150,1276,449,833,-130,1195,457,1764,3729,1411,7,941,988,243,2504,115
"09/26/2020",726,113,459,809,3791,584,0,71,52,2795,1359,127,539,2441,1142,877,4,970,0,24,613,569,996,1470,645,2050,343,434,602,36,750,205,1005,1730,495,1115,990,267,919,0,1371,579,1437,3309,1017,8,975,604,205,2817,45
"09/27/2020",639,114,411,487,2439,569,0,104,35,1882,812,98,205,1600,901,716,1491,455,923,29,431,592,0,1075,182,1520,200,467,373,51,698,152,866,1289,344,800,823,239,811,0,614,408,2104,4482,1068,3,736,439,184,2217,168
"09/28/2020",746,116,273,807,2821,411,560,129,14,738,596,87,422,1709,872,633,335,448,240,13,477,430,1329,904,190,1239,306,515,463,36,559,141,834,877,259,993,861,174,850,243,568,197,737,2499,827,3,449,369,165,1726,121
"09/29/2020",1234,125,674,706,2943,535,182,142,36,3266,1025,87,511,1366,744,978,980,917,533,37,431,512,1118,809,589,266,311,466,404,25,456,172,1189,910,418,1105,1025,297,1586,132,1179,259,879,6088,694,4,923,404,177,2367,67
"09/30/2020",1188,102,323,942,3461,511,221,82,26,1948,1720,120,614,2272,953,1012,264,984,409,52,414,532,1194,687,552,184,347,520,385,33,712,278,1000,1496,445,1080,980,218,919,192,308,392,1528,5807,906,3,755,480,157,2319,127
"10/01/2020",955,124,705,1124,3090,682,192,174,32,2628,1333,105,513,2164,1157,1181,1193,888,551,39,785,754,998,1066,696,191,429,621,430,51,614,226,1382,2266,372,1327,1170,353,945,166,381,747,1293,3746,1008,3,450,594,176,2887,135
"10/02/2020",1675,125,551,958,3808,680,555,150,65,2660,1275,86,677,2456,1464,1054,229,999,817,38,712,761,984,1166,672,4075,355,792,772,217,740,339,1598,1786,476,1495,1190,301,1194,162,862,386,971,5789,1107,13,966,694,281,2745,131
"10/03/2020",779,144,636,746,3508,657,0,188,50,2787,1535,133,464,2442,1419,819,35,1274,0,18,597,672,1275,1421,609,1649,501,426,526,63,947,296,1731,2202,440,1157,1189,348,0,0,1706,464,1192,5183,1068,10,1116,609,174,2892,151
"10/04/2020",536,188,355,488,3192,521,0,118,46,1868,756,70,262,1453,1087,443,1181,616,893,35,471,644,0,1039,321,1449,279,404,392,48,626,181,1222,610,416,941,0,259,1888,0,691,432,1615,2791,1393,7,1067,455,154,1865,139
"10/05/2020",759,208,316,417,2794,461,823,120,28,1415,789,50,458,1853,830,516,205,541,218,25,501,515,1455,973,215,1295,212,452,337,0,511,155,933,2258,312,1057,1234,279,975,343,577,180,2489,4185,1105,32,687,402,114,1696,125
"10/06/2020",1009,139,864,641,2695,654,121,103,105,2251,936,83,660,1617,970,545,1197,1036,532,21,413,495,1151,941,975,953,500,498,479,86,629,315,1393,1504,502,1335,1364,290,1123,177,811,278,1676,5482,716,4,625,387,193,2020,141
"10/07/2020",600,126,604,809,3726,731,123,84,0,2582,1492,108,671,2630,1281,1288,102,2393,1053,38,460,535,1215,911,563,1093,716,639,431,0,508,425,1360,1711,493,1424,1006,295,1303,180,735,1030,2080,5191,1007,6,509,545,208,2319,129
"10/08/2020",1598,127,863,1265,3342,863,384,132,113,3306,1265,101,673,3094,1450,1564,1689,868,524,35,761,444,1401,1271,578,1567,614,663,480,147,1298,384,1836,2428,527,1539,1212,482,1421,269,1050,535,1992,4167,1501,11,1844,710,183,3132,193
"10/09/2020",1214,177,683,1167,3806,834,290,145,78,2908,1625,154,662,3117,1816,1224,270,1001,257,27,734,765,1323,1390,862,2016,722,0,766,92,865,485,1592,2034,655,1840,1524,410,1381,249,921,774,1556,4481,1343,8,1114,642,374,2988,243
"10/10/2020",801,249,894,908,3334,1023,0,171,75,0,1237,71,613,2905,1918,1161,83,989,0,30,636,639,1637,1516,957,4679,718,1828,806,122,864,481,1447,2321,588,1356,1533,398,1468,0,945,732,1646,3831,1354,11,1256,475,220,2742,120
"10/11/2020",716,255,597,613,2780,819,0,132,66,5570,1140,101,365,2727,1570,901,1625,847,1181,25,562,563,0,1440,294,256,585,495,380,51,751,261,1143,1719,637,1291,766,331,984,0,785,617,2068,2553,1200,11,811,0,205,2676,156
"10/12/2020",1100,191,475,654,2723,576,1339,159,38,1533,902,42,597,2740,1574,510,320,638,60,32,504,760,1943,1171,296,216,423,457,569,65,469,379,1029,1276,472,1430,797,212,1038,0,649,361,2965,2460,988,8,854,0,149,1956,191
"10/13/2020",882,151,684,680,3397,1048,320,105,46,2725,993,61,584,2853,1549,969,1203,761,682,28,482,749,1466,1135,713,205,486,704,487,71,988,351,1393,1734,508,1447,1309,313,1832,666,828,414,1147,5799,987,10,1235,1740,276,3279,162
"10/14/2020",1224,142,901,1079,3894,692,164,71,64,2883,1297,99,645,2866,1165,1482,265,1322,320,36,575,580,1593,1369,876,4435,599,924,479,70,938,577,1232,1926,703,2039,1122,380,1284,204,926,876,1709,6023,1144,3,805,734,266,3107,213
"10/15/2020",1225,153,1113,1278,2944,1141,167,95,34,3356,1640,90,718,4014,1943,1152,1522,1182,743,18,630,587,2458,1163,1322,1868,723,961,655,77,971,668,1460,2532,706,2178,1221,365,1551,274,1297,797,2289,4927,1498,14,1331,676,261,3747,198
"10/16/2020",1312,226,738,1015,3105,1312,802,164,89,3449,1609,89,1094,5106,2283,1690,237,1311,774,29,781,767,2206,2290,1116,2261,662,1286,716,88,810,812,1707,2684,864,2148,1472,410,1679,253,1147,793,666,6008,1496,12,1183,709,502,3861,290
"10/17/2020",980,211,973,883,2361,1139,0,218,79,4044,1534,96,878,3629,2482,952,118,1291,0,49,798,584,1986,1694,751,2185,630,618,967,111,934,573,1784,2102,744,2234,1160,380,1503,0,961,806,2646,5065,1340,11,1114,777,219,0,151
"10/18/2020",865,220,690,644,2078,933,0,151,36,2539,1174,82,510,4245,1605,636,1586,810,1143,25,530,730,0,1722,0,1847,596,736,609,0,909,445,1390,2303,717,1562,831,217,1086,0,776,658,2605,5620,1097,11,900,530,276,0,209
"10/19/2020",1076,202,748,531,3953,1072,1191,103,25,1707,752,37,698,3113,1584,726,456,640,201,24,497,828,3018,1627,586,1482,569,749,582,121,1558,514,998,1144,659,1837,774,262,1627,656,619,567,3317,3148,1168,9,690,460,212,16956,286
"10/20/2020",1132,209,1040,844,4101,1208,434,129,50,3662,1128,88,873,3713,1498,1142,1357,1297,699,26,590,976,1871,1092,730,1412,703,592,656,82,988,594,1201,1578,1029,2015,1475,342,1589,302,884,621,1508,5389,1081,10,926,489,227,4686,215
"10/21/2020",1395,211,975,1155,3193,1267,416,50,53,2144,1312,77,987,4342,1732,1048,416,1452,718,37,492,702,1878,1060,801,1426,619,899,565,89,1030,819,2026,1842,499,2366,1307,307,1363,474,864,587,2292,6847,1363,15,1018,724,215,4363,322
"10/22/2020",3832,233,994,1202,6425,1373,502,153,39,5558,1785,102,950,4941,2850,1483,1441,1303,772,39,743,1049,2204,1561,958,1935,928,977,789,77,1162,662,1628,2400,887,2425,1628,0,2068,471,1128,973,2046,2707,1543,16,1332,651,322,3632,271
"10/23/2020",2130,278,976,1337,5435,1350,679,159,72,3689,2224,129,1073,5000,2467,1643,428,1449,699,31,712,1070,2046,1711,795,1983,863,1225,812,118,1045,791,1637,2716,887,2518,1373,905,2254,524,1064,1185,3606,7280,1960,29,1180,820,336,4643,426
"10/24/2020",1264,372,890,1183,4885,1828,0,160,97,4471,1846,89,1021,6161,2741,1460,72,1732,0,42,796,1203,3490,2259,1212,2636,639,705,1147,126,1909,872,2061,2584,935,2858,1829,391,1715,0,792,939,2574,9802,1608,27,1088,919,323,4673,260
"10/25/2020",892,523,1391,797,2912,1689,0,114,61,2385,1318,119,650,4057,2153,1402,1824,1462,972,63,792,1077,0,1680,0,1967,738,582,891,90,1129,823,1632,1807,845,2309,1051,362,1343,0,1337,1062,3500,3645,1765,30,999,649,191,3778,236
"10/26/2020",1215,348,801,612,3842,2211,2047,207,45,3377,958,37,697,4729,1974,960,403,924,227,52,565,1212,4057,1570,675,1718,621,702,475,69,1216,723,1191,1643,522,2116,663,335,2535,906,823,538,2279,6632,1201,10,904,587,317,3011,436
"10/27/2020",1329,1442,1158,952,4450,1433,538,81,94,4298,1491,64,882,4000,1983,1365,2729,1771,922,58,897,1260,2675,2164,854,1616,845,877,730,133,1647,583,1991,2141,889,2509,1010,372,2272,421,1078,989,1908,6661,1145,30,1134,527,486,5501,329
"10/28/2020",1508,357,1043,961,4388,1475,490,143,67,4115,1653,61,862,6110,2548,2072,324,1857,452,77,684,1181,3590,1908,1000,2189,620,1169,571,111,1666,657,2031,2253,777,2607,743,420,2332,499,912,1270,2446,7253,1575,7,1345,716,357,4130,340
"10/29/2020",1338,367,1315,1072,4372,1806,1319,161,101,4198,1823,77,961,6362,3618,2315,2753,1811,394,80,962,1346,4109,2867,970,388,887,1605,1073,127,1550,1078,2499,2885,1223,3590,1041,565,2235,368,1100,1000,2660,6956,1837,21,1429,814,399,5145,361
"10/30/2020",1819,386,1565,1162,4380,2412,761,198,70,5592,1377,92,1064,8489,3163,2772,462,1937,433,100,927,1582,3345,3154,749,5422,1063,1495,1232,116,1976,1005,2255,2809,1353,3845,1302,595,2499,562,1003,1559,2608,5977,2292,14,1456,1016,526,5357,521
"10/31/2020",1681,447,1901,1316,4115,2924,0,200,122,2331,2565,68,798,7899,3465,2788,43,1977,0,96,967,1430,4018,3007,824,2863,885,1087,977,200,1363,581,2112,2805,1433,2915,1267,533,2205,0,1018,1433,1184,7969,1724,24,1551,928,468,5808,270
"11/01/2020",845,350,1527,867,3735,2560,0,175,103,4865,1192,83,480,6980,2750,2464,3347,1423,1071,49,864,1131,0,2200,340,2333,694,934,716,130,1743,742,2192,2057,1127,3303,1349,508,1625,0,1411,1332,754,4516,1854,17,1202,814,423,3553,425
"11/02/2020",1234,352,666,584,4533,2237,2651,185,69,4651,939,77,757,6222,3077,1542,448,1028,275,87,850,842,6920,2948,365,2898,757,954,637,106,1368,872,1633,1336,972,2909,1084,549,2827,1246,894,526,3161,6764,1196,23,1026,1039,355,3505,444
"11/03/2020",1812,391,1679,878,4990,2562,985,115,86,4637,31605,87,1179,6516,2881,1810,2692,1709,1153,127,771,1036,3437,3476,644,2218,907,1440,911,128,1828,1136,2321,2349,1172,4229,1331,482,2831,423,1035,1004,1770,8786,1669,18,1261,657,358,6104,454
"11/04/2020",1423,412,815,1293,5519,2928,530,108,77,4423,2611,155,1290,7538,3698,2888,499,1630,375,146,1000,1714,4397,3827,766,2812,796,1828,1068,115,2432,1011,2126,2425,1114,4071,1246,589,2809,579,918,937,3445,9861,2110,30,1157,1469,392,6256,423
"11/05/2020",1601,314,2135,1548,5934,3369,1687,219,81,6257,2488,99,1265,9935,4412,5277,4837,2268,681,189,1198,1862,6103,3942,1612,3789,1013,2124,1267,245,1962,859,2997,2859,1536,4961,2101,790,2815,628,769,1360,1969,9949,2807,36,1366,1070,559,6284,365
"11/06/2020",1603,525,1996,1870,6357,3463,1065,282,110,5245,2802,119,1330,11802,4647,3375,786,2228,870,184,1541,2113,4246,5442,967,4362,979,2681,1562,204,2161,1284,3209,2908,1765,5008,1878,769,3648,630,1233,1488,1373,8485,2987,23,1568,1691,540,6411,996
"11/07/2020",1387,607,2620,1598,6151,3498,0,223,99,4452,2610,128,1403,12438,4899,4388,220,2156,0,156,1410,2302,6564,4647,1031,4537,1001,1702,1824,229,3202,1277,3587,2676,1602,5549,0,979,3147,0,1870,1337,5071,7752,2956,21,2103,1770,522,7521,192
"11/08/2020",1147,520,1880,1038,3351,3017,0,345,110,6820,1024,128,649,10009,4652,4524,13886,1177,1266,93,1081,1823,0,5908,804,3928,731,1574,1276,247,2013,1210,3428,2094,1101,4541,4507,861,2521,0,946,1428,3636,6053,2386,45,1302,1320,795,4407,713
"11/09/2020",1858,474,435,945,8584,3553,3307,305,86,3924,1272,63,1266,10573,4135,5132,-8426,1729,391,195,1375,1328,9235,3926,516,3275,374,1582,960,211,2058,1408,3144,1521,1153,4706,2197,707,4710,1629,703,907,5919,7831,2247,23,1302,1239,821,4470,700
"11/10/2020",39,532,3434,1424,8135,3890,1521,204,86,4353,4319,310,1201,12623,4829,3917,372,2079,6350,172,1338,2154,6944,4893,933,4576,1098,2182,1322,220,3777,1258,3965,2582,894,6508,1702,754,4322,789,1347,1023,1979,11412,2517,47,1435,1441,91,7432,1232
"11/11/2020",2075,499,2030,1962,6143,3975,1788,230,206,5838,2242,117,1693,12657,5036,4626,5314,2698,0,142,1714,2660,6620,4889,1256,3944,919,2209,1107,233,3065,1487,4820,3119,1021,5874,2177,861,3969,978,1257,1362,3632,12284,2335,73,1594,0,885,7537,132
"11/12/2020",2000,481,1399,1809,8541,5197,1158,204,128,5607,2982,97,1158,12702,6591,4951,322,2336,3829,193,1477,2648,7311,7225,1271,5048,961,2611,1469,323,3491,1742,4797,2893,1800,7101,2357,1109,6140,988,1495,2020,3344,9489,3919,116,1521,3345,696,8223,1105
"11/13/2020",2980,593,3015,2312,9450,6439,2746,470,159,6933,2994,118,1519,15415,5600,5484,6265,3164,3450,244,1869,2906,9179,5544,1305,4404,1213,2369,1857,462,3397,1230,5401,1779,1429,8071,2667,1058,5833,765,1611,1611,3733,12097,2150,92,1235,2142,742,8451,862
"11/14/2020",2226,748,3476,1848,9501,5196,0,379,148,4544,3035,107,1519,11028,8322,4667,18,3293,0,152,2321,3047,7430,8689,1370,9646,1642,1912,2269,384,4353,1165,5388,3885,2270,7715,2847,1081,4234,0,1913,1855,4662,9267,5352,100,1537,2233,1153,5581,540
"11/15/2020",1979,661,2383,874,9028,4183,0,408,163,10105,2084,0,928,10631,6710,2759,41,1449,2532,153,1840,2133,0,7553,969,779,1272,1327,1177,361,4538,1030,3649,3117,924,7853,3923,862,4474,0,1493,1199,5817,7732,2667,46,1161,2309,867,6320,613
"11/16/2020",1410,585,1476,1308,9595,4296,4639,397,87,4663,1247,94,1099,11632,5147,3283,7123,1511,544,173,1726,2164,13162,7437,589,4174,869,3440,1916,358,2219,1253,3490,1972,1089,7268,2729,766,6539,2394,1110,897,7951,9010,1971,119,2677,1492,801,4638,699
"11/17/2020",1616,642,2984,1554,10595,4331,1702,352,245,7459,4335,52,1781,12601,5463,3601,607,2911,2628,246,2149,2525,7886,5931,905,5436,1371,2204,1696,279,4026,2105,5088,3288,1082,7079,1551,924,5722,605,1283,1006,1841,10538,3178,96,2125,2589,864,7593,1260
"11/18/2020",2638,547,3206,1715,11755,4650,2042,203,156,7925,3161,69,1310,8922,6015,4320,5422,2745,2229,156,2018,2904,6218,5094,1593,4627,1184,2812,1664,447,4043,2892,5294,3367,1263,6385,3017,1099,6468,1383,1547,1387,4472,12923,3071,57,2071,1303,942,8510,822
"11/19/2020",2424,493,4123,2238,13134,6107,2353,398,213,9085,3424,107,1543,14612,7281,4054,465,3637,2052,215,2910,2682,7983,7863,1395,4365,1236,2663,2417,529,4182,3665,5310,4296,1382,7787,2915,1204,6869,1040,1713,1071,2887,13581,3968,149,1954,1987,1133,7448,894
"11/20/2020",2463,463,4471,2061,12576,5765,2088,663,130,9085,3435,118,1786,13012,6808,4345,5680,3816,4743,224,2353,2399,10140,6794,1638,4771,1475,2381,1838,527,3626,2982,5468,3688,1404,8808,2921,1302,7010,1050,2001,1328,3444,12954,4588,149,2544,2132,1081,7077,960
"11/21/2020",2335,680,3638,1905,15685,6113,0,505,153,8409,6213,162,1070,11891,6872,3286,205,3702,0,165,2885,3206,7840,6252,1972,4907,1249,1368,2019,493,4669,2342,5973,3415,1524,7863,3663,1493,5684,0,1857,1144,4355,11828,3395,87,2348,1717,1118,7029,281
"11/22/2020",1798,549,4331,1352,9089,3921,0,487,190,6587,2328,122,819,10012,6174,2461,19,2192,3483,236,2168,2695,0,7205,779,4291,1138,1032,2155,322,3968,2456,5391,4514,1143,8133,3406,1502,6370,0,1277,851,4589,9105,3197,83,2117,0,880,4019,759
"11/23/2020",1574,500,2659,1017,13695,3689,5271,403,139,6331,1924,113,1437,8322,5556,3128,7707,2132,968,185,1658,1773,11943,6343,699,3533,701,1860,2339,445,3581,2252,5906,2419,714,11885,3544,1163,6800,2572,1257,783,4074,8523,2244,85,3242,6277,636,3455,1262
"11/24/2020",2785,590,4544,2122,16990,4150,540,453,119,8555,3676,60,1640,9469,5625,2992,337,2606,3243,255,1667,2576,6782,6416,665,3967,1123,0,2871,362,4275,2099,4881,3100,1004,8536,2736,1000,6355,851,1678,1011,1366,19481,2701,48,2544,3482,969,6748,528
"11/25/2020",2453,680,3982,1965,15731,4191,1872,331,107,8376,3177,108,1773,11378,5983,3502,5163,3301,1235,228,2697,3395,4687,6387,1092,4390,1061,1761,3142,402,4042,1855,6265,4212,1077,10903,3732,1170,6952,893,1675,1283,2056,15178,1781,65,2718,2887,967,5997,802
"11/26/2020",2639,559,3474,2348,10862,6053,0,584,220,0,3608,117,0,12022,6373,2037,355,0,0,238,2319,0,0,0,1746,4494,1117,5270,2541,0,4473,1694,6933,0,964,0,0,0,7177,0,0,0,4404,6093,0,0,2600,0,1130,5666,0
"11/27/2020",917,674,4314,1052,13774,4270,3429,591,201,17344,3009,125,1997,7574,5643,1733,4764,5616,4964,0,2378,4658,17368,5698,1005,3169,114,1114,1536,477,4095,2056,8176,8008,790,17065,3225,2329,8596,1637,2215,2138,4340,4439,6142,178,1544,4261,866,1422,1012
"11/28/2020",2119,668,4136,1349,15048,4330,0,500,101,6277,3038,76,1160,7873,4471,2123,89,2427,0,23,1590,3217,8351,9022,1553,2430,1049,1257,2912,702,3080,2130,6063,3444,703,6895,6257,1674,6707,0,1791,819,6750,6334,2043,28,3173,2467,799,5473,155
"11/29/2020",2236,621,3221,1221,14831,3489,0,581,410,7363,1952,56,824,7178,4304,1511,0,2743,1643,220,1999,2495,0,8946,1845,3314,956,1143,1298,491,4561,1435,6723,3820,723,7729,1721,1613,4999,0,1218,801,3052,11541,1722,67,2325,2066,1152,4055,561
"11/30/2020",2295,511,822,1112,14809,4133,4714,403,104,6659,2047,85,1214,6190,5665,1941,4415,2116,169,249,1923,1168,10790,5794,1485,3797,397,1941,1644,514,3190,1678,6819,2734,594,6631,2200,1312,5891,2769,1358,564,7975,13634,1897,72,1893,2319,845,2676,816
